DateTime,Location,Weather,Hour,DayOfWeek,Vehicle_Count,Congestion_Level
2023-01-01 00:00:00,Highway,Rainy,0,6,408,Medium
2023-01-01 01:00:00,Industrial Zone,Cloudy,1,6,33,Low
2023-01-01 02:00:00,Downtown,Clear,2,6,319,Medium
2023-01-01 03:00:00,Highway,Clear,3,6,430,Medium
2023-01-01 04:00:00,Highway,Clear,4,6,427,Medium
2023-01-01 05:00:00,Industrial Zone,Clear,5,6,154,Low
2023-01-01 06:00:00,Downtown,Foggy,6,6,341,Medium
2023-01-01 07:00:00,Downtown,Clear,7,6,322,Medium
2023-01-01 08:00:00,Highway,Foggy,8,6,796,High
2023-01-01 09:00:00,Suburbs,Foggy,9,6,416,Medium
2023-01-01 10:00:00,Highway,Clear,10,6,821,High
2023-01-01 11:00:00,Highway,Clear,11,6,410,Medium
2023-01-01 12:00:00,Highway,Rainy,12,6,413,Medium
2023-01-01 13:00:00,Highway,Cloudy,13,6,336,Medium
2023-01-01 14:00:00,Industrial Zone,Clear,14,6,45,Low
2023-01-01 15:00:00,Downtown,Rainy,15,6,352,Medium
2023-01-01 16:00:00,Industrial Zone,Rainy,16,6,98,Low
2023-01-01 17:00:00,Industrial Zone,Cloudy,17,6,534,Medium
2023-01-01 18:00:00,Industrial Zone,Foggy,18,6,501,High
2023-01-01 19:00:00,Highway,Clear,19,6,801,High
2023-01-01 20:00:00,Suburbs,Cloudy,20,6,146,Low
2023-01-01 21:00:00,Downtown,Clear,21,6,274,Low
2023-01-01 22:00:00,Suburbs,Rainy,22,6,104,Low
2023-01-01 23:00:00,Industrial Zone,Rainy,23,6,76,Low
2023-01-02 00:00:00,Industrial Zone,Foggy,0,0,78,Low
2023-01-02 01:00:00,Suburbs,Rainy,1,0,84,Low
2023-01-02 02:00:00,Suburbs,Rainy,2,0,111,Low
2023-01-02 03:00:00,Suburbs,Cloudy,3,0,76,Low
2023-01-02 04:00:00,Industrial Zone,Clear,4,0,162,Low
2023-01-02 05:00:00,Industrial Zone,Clear,5,0,55,Low
2023-01-02 06:00:00,Downtown,Cloudy,6,0,290,Low
2023-01-02 07:00:00,Downtown,Foggy,7,0,278,Medium
2023-01-02 08:00:00,Industrial Zone,Clear,8,0,572,Medium
2023-01-02 09:00:00,Suburbs,Rainy,9,0,509,High
2023-01-02 10:00:00,Suburbs,Clear,10,0,551,Medium
2023-01-02 11:00:00,Downtown,Rainy,11,0,225,Low
2023-01-02 12:00:00,Industrial Zone,Foggy,12,0,113,Low
2023-01-02 13:00:00,Downtown,Cloudy,13,0,344,Medium
2023-01-02 14:00:00,Downtown,Clear,14,0,304,Medium
2023-01-02 15:00:00,Highway,Cloudy,15,0,453,Medium
2023-01-02 16:00:00,Highway,Clear,16,0,374,Medium
2023-01-02 17:00:00,Highway,Rainy,17,0,870,High
2023-01-02 18:00:00,Suburbs,Cloudy,18,0,614,High
2023-01-02 19:00:00,Industrial Zone,Clear,19,0,481,Medium
2023-01-02 20:00:00,Industrial Zone,Rainy,20,0,77,Low
2023-01-02 21:00:00,Industrial Zone,Cloudy,21,0,172,Low
2023-01-02 22:00:00,Industrial Zone,Cloudy,22,0,178,Low
2023-01-02 23:00:00,Highway,Clear,23,0,373,Medium
2023-01-03 00:00:00,Suburbs,Clear,0,1,78,Low
2023-01-03 01:00:00,Suburbs,Clear,1,1,85,Low
2023-01-03 02:00:00,Highway,Rainy,2,1,332,Medium
2023-01-03 03:00:00,Suburbs,Clear,3,1,54,Low
2023-01-03 04:00:00,Highway,Cloudy,4,1,349,Medium
2023-01-03 05:00:00,Industrial Zone,Cloudy,5,1,61,Low
2023-01-03 06:00:00,Highway,Clear,6,1,398,Medium
2023-01-03 07:00:00,Industrial Zone,Clear,7,1,111,Low
2023-01-03 08:00:00,Industrial Zone,Foggy,8,1,577,High
2023-01-03 09:00:00,Downtown,Cloudy,9,1,650,High
2023-01-03 10:00:00,Highway,Rainy,10,1,849,High
2023-01-03 11:00:00,Downtown,Foggy,11,1,289,Medium
2023-01-03 12:00:00,Highway,Clear,12,1,397,Medium
2023-01-03 13:00:00,Highway,Clear,13,1,433,Medium
2023-01-03 14:00:00,Downtown,Cloudy,14,1,243,Low
2023-01-03 15:00:00,Downtown,Clear,15,1,319,Medium
2023-01-03 16:00:00,Highway,Rainy,16,1,408,Medium
2023-01-03 17:00:00,Suburbs,Cloudy,17,1,524,Medium
2023-01-03 18:00:00,Industrial Zone,Clear,18,1,514,Medium
2023-01-03 19:00:00,Downtown,Cloudy,19,1,822,High
2023-01-03 20:00:00,Industrial Zone,Clear,20,1,68,Low
2023-01-03 21:00:00,Suburbs,Clear,21,1,73,Low
2023-01-03 22:00:00,Suburbs,Clear,22,1,68,Low
2023-01-03 23:00:00,Suburbs,Rainy,23,1,72,Low
2023-01-04 00:00:00,Downtown,Rainy,0,2,268,Medium
2023-01-04 01:00:00,Suburbs,Cloudy,1,2,159,Low
2023-01-04 02:00:00,Downtown,Clear,2,2,371,Medium
2023-01-04 03:00:00,Suburbs,Clear,3,2,71,Low
2023-01-04 04:00:00,Industrial Zone,Rainy,4,2,58,Low
2023-01-04 05:00:00,Industrial Zone,Clear,5,2,123,Low
2023-01-04 06:00:00,Highway,Rainy,6,2,372,Medium
2023-01-04 07:00:00,Industrial Zone,Clear,7,2,131,Low
2023-01-04 08:00:00,Highway,Cloudy,8,2,810,High
2023-01-04 09:00:00,Industrial Zone,Clear,9,2,424,Medium
2023-01-04 10:00:00,Downtown,Clear,10,2,777,High
2023-01-04 11:00:00,Industrial Zone,Foggy,11,2,189,Low
2023-01-04 12:00:00,Highway,Rainy,12,2,369,Medium
2023-01-04 13:00:00,Highway,Clear,13,2,380,Medium
2023-01-04 14:00:00,Suburbs,Clear,14,2,114,Low
2023-01-04 15:00:00,Downtown,Foggy,15,2,316,Medium
2023-01-04 16:00:00,Industrial Zone,Foggy,16,2,132,Low
2023-01-04 17:00:00,Suburbs,Rainy,17,2,600,High
2023-01-04 18:00:00,Industrial Zone,Foggy,18,2,491,High
2023-01-04 19:00:00,Industrial Zone,Cloudy,19,2,460,Medium
2023-01-04 20:00:00,Suburbs,Foggy,20,2,31,Low
2023-01-04 21:00:00,Suburbs,Cloudy,21,2,63,Low
2023-01-04 22:00:00,Suburbs,Rainy,22,2,98,Low
2023-01-04 23:00:00,Suburbs,Rainy,23,2,189,Low
2023-01-05 00:00:00,Suburbs,Rainy,0,3,74,Low
2023-01-05 01:00:00,Industrial Zone,Rainy,1,3,111,Low
2023-01-05 02:00:00,Suburbs,Rainy,2,3,99,Low
2023-01-05 03:00:00,Downtown,Cloudy,3,3,359,Medium
2023-01-05 04:00:00,Highway,Cloudy,4,3,526,Medium
2023-01-05 05:00:00,Suburbs,Rainy,5,3,73,Low
2023-01-05 06:00:00,Suburbs,Foggy,6,3,75,Low
2023-01-05 07:00:00,Industrial Zone,Clear,7,3,152,Low
2023-01-05 08:00:00,Suburbs,Rainy,8,3,534,High
2023-01-05 09:00:00,Suburbs,Foggy,9,3,592,High
2023-01-05 10:00:00,Suburbs,Clear,10,3,529,Medium
2023-01-05 11:00:00,Industrial Zone,Rainy,11,3,82,Low
2023-01-05 12:00:00,Suburbs,Rainy,12,3,129,Low
2023-01-05 13:00:00,Highway,Cloudy,13,3,455,Medium
2023-01-05 14:00:00,Industrial Zone,Clear,14,3,141,Low
2023-01-05 15:00:00,Highway,Clear,15,3,425,Medium
2023-01-05 16:00:00,Industrial Zone,Foggy,16,3,153,Low
2023-01-05 17:00:00,Suburbs,Cloudy,17,3,558,Medium
2023-01-05 18:00:00,Highway,Cloudy,18,3,869,High
2023-01-05 19:00:00,Industrial Zone,Cloudy,19,3,532,Medium
2023-01-05 20:00:00,Downtown,Cloudy,20,3,291,Low
2023-01-05 21:00:00,Suburbs,Clear,21,3,107,Low
2023-01-05 22:00:00,Industrial Zone,Clear,22,3,160,Low
2023-01-05 23:00:00,Downtown,Rainy,23,3,259,Medium
2023-01-06 00:00:00,Industrial Zone,Rainy,0,4,118,Low
2023-01-06 01:00:00,Downtown,Cloudy,1,4,280,Low
2023-01-06 02:00:00,Suburbs,Cloudy,2,4,101,Low
2023-01-06 03:00:00,Highway,Cloudy,3,4,463,Medium
2023-01-06 04:00:00,Downtown,Rainy,4,4,309,Medium
2023-01-06 05:00:00,Industrial Zone,Foggy,5,4,102,Low
2023-01-06 06:00:00,Suburbs,Foggy,6,4,32,Low
2023-01-06 07:00:00,Downtown,Rainy,7,4,337,Medium
2023-01-06 08:00:00,Industrial Zone,Rainy,8,4,532,High
2023-01-06 09:00:00,Industrial Zone,Rainy,9,4,608,High
2023-01-06 10:00:00,Industrial Zone,Rainy,10,4,484,High
2023-01-06 11:00:00,Downtown,Rainy,11,4,310,Medium
2023-01-06 12:00:00,Downtown,Rainy,12,4,312,Medium
2023-01-06 13:00:00,Downtown,Cloudy,13,4,378,Medium
2023-01-06 14:00:00,Highway,Cloudy,14,4,395,Medium
2023-01-06 15:00:00,Downtown,Cloudy,15,4,313,Medium
2023-01-06 16:00:00,Downtown,Cloudy,16,4,330,Medium
2023-01-06 17:00:00,Downtown,Rainy,17,4,709,High
2023-01-06 18:00:00,Highway,Foggy,18,4,777,High
2023-01-06 19:00:00,Downtown,Clear,19,4,709,High
2023-01-06 20:00:00,Industrial Zone,Rainy,20,4,153,Low
2023-01-06 21:00:00,Downtown,Clear,21,4,248,Low
2023-01-06 22:00:00,Industrial Zone,Foggy,22,4,106,Low
2023-01-06 23:00:00,Industrial Zone,Cloudy,23,4,64,Low
2023-01-07 00:00:00,Industrial Zone,Foggy,0,5,159,Low
2023-01-07 01:00:00,Highway,Rainy,1,5,323,Medium
2023-01-07 02:00:00,Highway,Cloudy,2,5,372,Medium
2023-01-07 03:00:00,Highway,Rainy,3,5,418,Medium
2023-01-07 04:00:00,Downtown,Cloudy,4,5,378,Medium
2023-01-07 05:00:00,Industrial Zone,Clear,5,5,96,Low
2023-01-07 06:00:00,Highway,Clear,6,5,372,Medium
2023-01-07 07:00:00,Highway,Clear,7,5,494,Medium
2023-01-07 08:00:00,Downtown,Foggy,8,5,627,High
2023-01-07 09:00:00,Highway,Rainy,9,5,690,High
2023-01-07 10:00:00,Downtown,Foggy,10,5,722,High
2023-01-07 11:00:00,Suburbs,Clear,11,5,74,Low
2023-01-07 12:00:00,Highway,Rainy,12,5,348,Medium
2023-01-07 13:00:00,Suburbs,Clear,13,5,135,Low
2023-01-07 14:00:00,Downtown,Foggy,14,5,312,Medium
2023-01-07 15:00:00,Industrial Zone,Foggy,15,5,71,Low
2023-01-07 16:00:00,Highway,Foggy,16,5,335,Medium
2023-01-07 17:00:00,Downtown,Clear,17,5,743,High
2023-01-07 18:00:00,Industrial Zone,Rainy,18,5,532,High
2023-01-07 19:00:00,Industrial Zone,Rainy,19,5,495,High
2023-01-07 20:00:00,Suburbs,Clear,20,5,192,Low
2023-01-07 21:00:00,Downtown,Rainy,21,5,246,Medium
2023-01-07 22:00:00,Industrial Zone,Clear,22,5,23,Low
2023-01-07 23:00:00,Highway,Rainy,23,5,365,Medium
2023-01-08 00:00:00,Highway,Cloudy,0,6,397,Medium
2023-01-08 01:00:00,Suburbs,Cloudy,1,6,112,Low
2023-01-08 02:00:00,Industrial Zone,Foggy,2,6,87,Low
2023-01-08 03:00:00,Downtown,Cloudy,3,6,317,Medium
2023-01-08 04:00:00,Highway,Cloudy,4,6,337,Medium
2023-01-08 05:00:00,Industrial Zone,Cloudy,5,6,172,Low
2023-01-08 06:00:00,Industrial Zone,Clear,6,6,95,Low
2023-01-08 07:00:00,Suburbs,Cloudy,7,6,155,Low
2023-01-08 08:00:00,Highway,Cloudy,8,6,817,High
2023-01-08 09:00:00,Highway,Foggy,9,6,822,High
2023-01-08 10:00:00,Downtown,Cloudy,10,6,728,High
2023-01-08 11:00:00,Highway,Cloudy,11,6,422,Medium
2023-01-08 12:00:00,Downtown,Rainy,12,6,332,Medium
2023-01-08 13:00:00,Highway,Foggy,13,6,466,High
2023-01-08 14:00:00,Suburbs,Foggy,14,6,109,Low
2023-01-08 15:00:00,Highway,Foggy,15,6,435,Medium
2023-01-08 16:00:00,Downtown,Foggy,16,6,295,Medium
2023-01-08 17:00:00,Downtown,Foggy,17,6,772,High
2023-01-08 18:00:00,Suburbs,Foggy,18,6,466,High
2023-01-08 19:00:00,Highway,Clear,19,6,890,High
2023-01-08 20:00:00,Highway,Cloudy,20,6,397,Medium
2023-01-08 21:00:00,Suburbs,Foggy,21,6,28,Low
2023-01-08 22:00:00,Highway,Cloudy,22,6,406,Medium
2023-01-08 23:00:00,Highway,Cloudy,23,6,365,Medium
2023-01-09 00:00:00,Downtown,Clear,0,0,342,Medium
2023-01-09 01:00:00,Highway,Foggy,1,0,367,Medium
2023-01-09 02:00:00,Highway,Rainy,2,0,377,Medium
2023-01-09 03:00:00,Suburbs,Clear,3,0,5,Low
2023-01-09 04:00:00,Suburbs,Rainy,4,0,77,Low
2023-01-09 05:00:00,Industrial Zone,Cloudy,5,0,-21,Low
2023-01-09 06:00:00,Downtown,Cloudy,6,0,220,Low
2023-01-09 07:00:00,Highway,Clear,7,0,438,Medium
2023-01-09 08:00:00,Highway,Clear,8,0,839,High
2023-01-09 09:00:00,Industrial Zone,Rainy,9,0,521,High
2023-01-09 10:00:00,Highway,Foggy,10,0,751,High
2023-01-09 11:00:00,Downtown,Rainy,11,0,297,Medium
2023-01-09 12:00:00,Industrial Zone,Clear,12,0,99,Low
2023-01-09 13:00:00,Downtown,Rainy,13,0,242,Medium
2023-01-09 14:00:00,Industrial Zone,Clear,14,0,175,Low
2023-01-09 15:00:00,Industrial Zone,Rainy,15,0,143,Low
2023-01-09 16:00:00,Suburbs,Clear,16,0,88,Low
2023-01-09 17:00:00,Downtown,Clear,17,0,701,High
2023-01-09 18:00:00,Highway,Clear,18,0,810,High
2023-01-09 19:00:00,Highway,Foggy,19,0,697,High
2023-01-09 20:00:00,Downtown,Rainy,20,0,287,Medium
2023-01-09 21:00:00,Highway,Rainy,21,0,365,Medium
2023-01-09 22:00:00,Highway,Rainy,22,0,349,Medium
2023-01-09 23:00:00,Downtown,Clear,23,0,285,Low
2023-01-10 00:00:00,Industrial Zone,Rainy,0,1,189,Low
2023-01-10 01:00:00,Downtown,Rainy,1,1,332,Medium
2023-01-10 02:00:00,Industrial Zone,Clear,2,1,71,Low
2023-01-10 03:00:00,Highway,Cloudy,3,1,428,Medium
2023-01-10 04:00:00,Highway,Clear,4,1,469,Medium
2023-01-10 05:00:00,Highway,Rainy,5,1,446,Medium
2023-01-10 06:00:00,Suburbs,Clear,6,1,102,Low
2023-01-10 07:00:00,Industrial Zone,Cloudy,7,1,67,Low
2023-01-10 08:00:00,Suburbs,Clear,8,1,534,Medium
2023-01-10 09:00:00,Suburbs,Rainy,9,1,519,High
2023-01-10 10:00:00,Downtown,Cloudy,10,1,744,High
2023-01-10 11:00:00,Suburbs,Foggy,11,1,131,Low
2023-01-10 12:00:00,Downtown,Rainy,12,1,352,Medium
2023-01-10 13:00:00,Downtown,Cloudy,13,1,273,Low
2023-01-10 14:00:00,Suburbs,Cloudy,14,1,165,Low
2023-01-10 15:00:00,Industrial Zone,Foggy,15,1,109,Low
2023-01-10 16:00:00,Industrial Zone,Clear,16,1,203,Low
2023-01-10 17:00:00,Industrial Zone,Clear,17,1,465,Medium
2023-01-10 18:00:00,Industrial Zone,Rainy,18,1,586,High
2023-01-10 19:00:00,Industrial Zone,Foggy,19,1,509,High
2023-01-10 20:00:00,Suburbs,Clear,20,1,67,Low
2023-01-10 21:00:00,Suburbs,Foggy,21,1,75,Low
2023-01-10 22:00:00,Highway,Clear,22,1,383,Medium
2023-01-10 23:00:00,Industrial Zone,Cloudy,23,1,121,Low
2023-01-11 00:00:00,Suburbs,Clear,0,2,126,Low
2023-01-11 01:00:00,Highway,Foggy,1,2,371,Medium
2023-01-11 02:00:00,Industrial Zone,Cloudy,2,2,98,Low
2023-01-11 03:00:00,Downtown,Cloudy,3,2,407,Medium
2023-01-11 04:00:00,Highway,Cloudy,4,2,486,Medium
2023-01-11 05:00:00,Suburbs,Foggy,5,2,121,Low
2023-01-11 06:00:00,Downtown,Rainy,6,2,301,Medium
2023-01-11 07:00:00,Downtown,Rainy,7,2,306,Medium
2023-01-11 08:00:00,Downtown,Rainy,8,2,730,High
2023-01-11 09:00:00,Highway,Foggy,9,2,748,High
2023-01-11 10:00:00,Suburbs,Cloudy,10,2,487,Medium
2023-01-11 11:00:00,Downtown,Rainy,11,2,216,Low
2023-01-11 12:00:00,Industrial Zone,Foggy,12,2,119,Low
2023-01-11 13:00:00,Downtown,Rainy,13,2,332,Medium
2023-01-11 14:00:00,Downtown,Clear,14,2,275,Low
2023-01-11 15:00:00,Highway,Rainy,15,2,478,High
2023-01-11 16:00:00,Highway,Rainy,16,2,338,Medium
2023-01-11 17:00:00,Suburbs,Cloudy,17,2,426,Medium
2023-01-11 18:00:00,Industrial Zone,Foggy,18,2,511,High
2023-01-11 19:00:00,Highway,Cloudy,19,2,852,High
2023-01-11 20:00:00,Downtown,Cloudy,20,2,384,Medium
2023-01-11 21:00:00,Suburbs,Cloudy,21,2,77,Low
2023-01-11 22:00:00,Downtown,Cloudy,22,2,353,Medium
2023-01-11 23:00:00,Downtown,Cloudy,23,2,298,Low
2023-01-12 00:00:00,Highway,Rainy,0,3,391,Medium
2023-01-12 01:00:00,Suburbs,Cloudy,1,3,144,Low
2023-01-12 02:00:00,Industrial Zone,Cloudy,2,3,132,Low
2023-01-12 03:00:00,Industrial Zone,Foggy,3,3,21,Low
2023-01-12 04:00:00,Highway,Clear,4,3,473,Medium
2023-01-12 05:00:00,Highway,Rainy,5,3,469,High
2023-01-12 06:00:00,Suburbs,Rainy,6,3,68,Low
2023-01-12 07:00:00,Industrial Zone,Rainy,7,3,119,Low
2023-01-12 08:00:00,Industrial Zone,Cloudy,8,3,524,Medium
2023-01-12 09:00:00,Industrial Zone,Cloudy,9,3,513,Medium
2023-01-12 10:00:00,Downtown,Cloudy,10,3,672,High
2023-01-12 11:00:00,Industrial Zone,Foggy,11,3,66,Low
2023-01-12 12:00:00,Downtown,Clear,12,3,298,Low
2023-01-12 13:00:00,Suburbs,Cloudy,13,3,158,Low
2023-01-12 14:00:00,Downtown,Clear,14,3,327,Medium
2023-01-12 15:00:00,Suburbs,Foggy,15,3,81,Low
2023-01-12 16:00:00,Industrial Zone,Rainy,16,3,138,Low
2023-01-12 17:00:00,Industrial Zone,Cloudy,17,3,357,Medium
2023-01-12 18:00:00,Suburbs,Clear,18,3,557,Medium
2023-01-12 19:00:00,Highway,Clear,19,3,713,High
2023-01-12 20:00:00,Suburbs,Cloudy,20,3,81,Low
2023-01-12 21:00:00,Highway,Rainy,21,3,344,Medium
2023-01-12 22:00:00,Downtown,Rainy,22,3,235,Medium
2023-01-12 23:00:00,Downtown,Rainy,23,3,358,Medium
2023-01-13 00:00:00,Downtown,Foggy,0,4,276,Medium
2023-01-13 01:00:00,Industrial Zone,Clear,1,4,117,Low
2023-01-13 02:00:00,Downtown,Clear,2,4,297,Low
2023-01-13 03:00:00,Highway,Clear,3,4,423,Medium
2023-01-13 04:00:00,Downtown,Foggy,4,4,303,Medium
2023-01-13 05:00:00,Suburbs,Clear,5,4,35,Low
2023-01-13 06:00:00,Suburbs,Foggy,6,4,149,Low
2023-01-13 07:00:00,Industrial Zone,Rainy,7,4,75,Low
2023-01-13 08:00:00,Suburbs,Cloudy,8,4,422,Medium
2023-01-13 09:00:00,Highway,Clear,9,4,778,High
2023-01-13 10:00:00,Downtown,Clear,10,4,775,High
2023-01-13 11:00:00,Industrial Zone,Rainy,11,4,142,Low
2023-01-13 12:00:00,Downtown,Cloudy,12,4,282,Low
2023-01-13 13:00:00,Downtown,Foggy,13,4,282,Medium
2023-01-13 14:00:00,Highway,Cloudy,14,4,383,Medium
2023-01-13 15:00:00,Suburbs,Rainy,15,4,203,Low
2023-01-13 16:00:00,Suburbs,Rainy,16,4,119,Low
2023-01-13 17:00:00,Downtown,Cloudy,17,4,721,High
2023-01-13 18:00:00,Industrial Zone,Foggy,18,4,551,High
2023-01-13 19:00:00,Suburbs,Foggy,19,4,511,High
2023-01-13 20:00:00,Industrial Zone,Clear,20,4,87,Low
2023-01-13 21:00:00,Suburbs,Foggy,21,4,90,Low
2023-01-13 22:00:00,Industrial Zone,Cloudy,22,4,96,Low
2023-01-13 23:00:00,Highway,Rainy,23,4,398,Medium
2023-01-14 00:00:00,Industrial Zone,Clear,0,5,136,Low
2023-01-14 01:00:00,Highway,Clear,1,5,402,Medium
2023-01-14 02:00:00,Highway,Rainy,2,5,436,Medium
2023-01-14 03:00:00,Industrial Zone,Foggy,3,5,95,Low
2023-01-14 04:00:00,Highway,Rainy,4,5,403,Medium
2023-01-14 05:00:00,Downtown,Foggy,5,5,200,Low
2023-01-14 06:00:00,Highway,Rainy,6,5,445,Medium
2023-01-14 07:00:00,Suburbs,Cloudy,7,5,117,Low
2023-01-14 08:00:00,Industrial Zone,Foggy,8,5,549,High
2023-01-14 09:00:00,Downtown,Cloudy,9,5,555,Medium
2023-01-14 10:00:00,Industrial Zone,Clear,10,5,604,High
2023-01-14 11:00:00,Suburbs,Rainy,11,5,93,Low
2023-01-14 12:00:00,Suburbs,Clear,12,5,155,Low
2023-01-14 13:00:00,Suburbs,Clear,13,5,48,Low
2023-01-14 14:00:00,Highway,Clear,14,5,430,Medium
2023-01-14 15:00:00,Highway,Clear,15,5,347,Medium
2023-01-14 16:00:00,Industrial Zone,Rainy,16,5,68,Low
2023-01-14 17:00:00,Industrial Zone,Clear,17,5,595,Medium
2023-01-14 18:00:00,Downtown,Rainy,18,5,690,High
2023-01-14 19:00:00,Downtown,Rainy,19,5,710,High
2023-01-14 20:00:00,Industrial Zone,Cloudy,20,5,143,Low
2023-01-14 21:00:00,Highway,Foggy,21,5,424,Medium
2023-01-14 22:00:00,Suburbs,Foggy,22,5,107,Low
2023-01-14 23:00:00,Industrial Zone,Rainy,23,5,118,Low
2023-01-15 00:00:00,Downtown,Cloudy,0,6,420,Medium
2023-01-15 01:00:00,Highway,Rainy,1,6,397,Medium
2023-01-15 02:00:00,Industrial Zone,Rainy,2,6,110,Low
2023-01-15 03:00:00,Industrial Zone,Rainy,3,6,152,Low
2023-01-15 04:00:00,Highway,Cloudy,4,6,455,Medium
2023-01-15 05:00:00,Industrial Zone,Foggy,5,6,159,Low
2023-01-15 06:00:00,Highway,Cloudy,6,6,431,Medium
2023-01-15 07:00:00,Suburbs,Clear,7,6,42,Low
2023-01-15 08:00:00,Highway,Cloudy,8,6,881,High
2023-01-15 09:00:00,Highway,Cloudy,9,6,742,High
2023-01-15 10:00:00,Highway,Cloudy,10,6,815,High
2023-01-15 11:00:00,Industrial Zone,Cloudy,11,6,62,Low
2023-01-15 12:00:00,Industrial Zone,Foggy,12,6,96,Low
2023-01-15 13:00:00,Highway,Clear,13,6,416,Medium
2023-01-15 14:00:00,Industrial Zone,Foggy,14,6,116,Low
2023-01-15 15:00:00,Downtown,Foggy,15,6,321,Medium
2023-01-15 16:00:00,Downtown,Cloudy,16,6,380,Medium
2023-01-15 17:00:00,Industrial Zone,Rainy,17,6,522,High
2023-01-15 18:00:00,Industrial Zone,Rainy,18,6,487,High
2023-01-15 19:00:00,Highway,Foggy,19,6,848,High
2023-01-15 20:00:00,Suburbs,Foggy,20,6,159,Low
2023-01-15 21:00:00,Industrial Zone,Cloudy,21,6,38,Low
2023-01-15 22:00:00,Downtown,Foggy,22,6,329,Medium
2023-01-15 23:00:00,Highway,Cloudy,23,6,435,Medium
2023-01-16 00:00:00,Industrial Zone,Rainy,0,0,85,Low
2023-01-16 01:00:00,Downtown,Rainy,1,0,368,Medium
2023-01-16 02:00:00,Downtown,Clear,2,0,292,Low
2023-01-16 03:00:00,Suburbs,Rainy,3,0,106,Low
2023-01-16 04:00:00,Highway,Foggy,4,0,391,Medium
2023-01-16 05:00:00,Highway,Rainy,5,0,400,Medium
2023-01-16 06:00:00,Suburbs,Cloudy,6,0,45,Low
2023-01-16 07:00:00,Suburbs,Rainy,7,0,27,Low
2023-01-16 08:00:00,Highway,Clear,8,0,879,High
2023-01-16 09:00:00,Highway,Rainy,9,0,757,High
2023-01-16 10:00:00,Industrial Zone,Cloudy,10,0,450,Medium
2023-01-16 11:00:00,Industrial Zone,Cloudy,11,0,-7,Low
2023-01-16 12:00:00,Suburbs,Foggy,12,0,68,Low
2023-01-16 13:00:00,Industrial Zone,Rainy,13,0,33,Low
2023-01-16 14:00:00,Downtown,Cloudy,14,0,382,Medium
2023-01-16 15:00:00,Industrial Zone,Clear,15,0,150,Low
2023-01-16 16:00:00,Industrial Zone,Foggy,16,0,65,Low
2023-01-16 17:00:00,Downtown,Clear,17,0,812,High
2023-01-16 18:00:00,Suburbs,Rainy,18,0,549,High
2023-01-16 19:00:00,Downtown,Rainy,19,0,683,High
2023-01-16 20:00:00,Industrial Zone,Rainy,20,0,-24,Low
2023-01-16 21:00:00,Suburbs,Foggy,21,0,214,Low
2023-01-16 22:00:00,Industrial Zone,Cloudy,22,0,30,Low
2023-01-16 23:00:00,Downtown,Foggy,23,0,217,Low
2023-01-17 00:00:00,Downtown,Clear,0,1,351,Medium
2023-01-17 01:00:00,Industrial Zone,Foggy,1,1,221,Low
2023-01-17 02:00:00,Highway,Clear,2,1,469,Medium
2023-01-17 03:00:00,Highway,Foggy,3,1,428,Medium
2023-01-17 04:00:00,Downtown,Cloudy,4,1,329,Medium
2023-01-17 05:00:00,Downtown,Clear,5,1,342,Medium
2023-01-17 06:00:00,Highway,Rainy,6,1,437,Medium
2023-01-17 07:00:00,Highway,Rainy,7,1,414,Medium
2023-01-17 08:00:00,Industrial Zone,Foggy,8,1,505,High
2023-01-17 09:00:00,Industrial Zone,Rainy,9,1,496,High
2023-01-17 10:00:00,Highway,Clear,10,1,762,High
2023-01-17 11:00:00,Industrial Zone,Rainy,11,1,85,Low
2023-01-17 12:00:00,Industrial Zone,Cloudy,12,1,15,Low
2023-01-17 13:00:00,Suburbs,Cloudy,13,1,95,Low
2023-01-17 14:00:00,Industrial Zone,Foggy,14,1,50,Low
2023-01-17 15:00:00,Downtown,Clear,15,1,244,Low
2023-01-17 16:00:00,Industrial Zone,Cloudy,16,1,108,Low
2023-01-17 17:00:00,Industrial Zone,Cloudy,17,1,569,Medium
2023-01-17 18:00:00,Highway,Clear,18,1,845,High
2023-01-17 19:00:00,Downtown,Rainy,19,1,621,High
2023-01-17 20:00:00,Industrial Zone,Rainy,20,1,50,Low
2023-01-17 21:00:00,Industrial Zone,Foggy,21,1,147,Low
2023-01-17 22:00:00,Suburbs,Rainy,22,1,50,Low
2023-01-17 23:00:00,Industrial Zone,Clear,23,1,88,Low
2023-01-18 00:00:00,Industrial Zone,Cloudy,0,2,127,Low
2023-01-18 01:00:00,Suburbs,Rainy,1,2,51,Low
2023-01-18 02:00:00,Highway,Foggy,2,2,405,Medium
2023-01-18 03:00:00,Industrial Zone,Rainy,3,2,33,Low
2023-01-18 04:00:00,Suburbs,Clear,4,2,69,Low
2023-01-18 05:00:00,Downtown,Foggy,5,2,315,Medium
2023-01-18 06:00:00,Highway,Rainy,6,2,320,Medium
2023-01-18 07:00:00,Downtown,Foggy,7,2,322,Medium
2023-01-18 08:00:00,Downtown,Clear,8,2,699,High
2023-01-18 09:00:00,Suburbs,Cloudy,9,2,527,Medium
2023-01-18 10:00:00,Industrial Zone,Clear,10,2,511,Medium
2023-01-18 11:00:00,Suburbs,Clear,11,2,168,Low
2023-01-18 12:00:00,Suburbs,Clear,12,2,106,Low
2023-01-18 13:00:00,Suburbs,Clear,13,2,78,Low
2023-01-18 14:00:00,Suburbs,Cloudy,14,2,106,Low
2023-01-18 15:00:00,Highway,Cloudy,15,2,427,Medium
2023-01-18 16:00:00,Industrial Zone,Foggy,16,2,102,Low
2023-01-18 17:00:00,Downtown,Rainy,17,2,702,High
2023-01-18 18:00:00,Downtown,Cloudy,18,2,664,High
2023-01-18 19:00:00,Industrial Zone,Cloudy,19,2,466,Medium
2023-01-18 20:00:00,Downtown,Rainy,20,2,229,Low
2023-01-18 21:00:00,Industrial Zone,Cloudy,21,2,187,Low
2023-01-18 22:00:00,Downtown,Clear,22,2,237,Low
2023-01-18 23:00:00,Suburbs,Clear,23,2,65,Low
2023-01-19 00:00:00,Downtown,Rainy,0,3,264,Medium
2023-01-19 01:00:00,Industrial Zone,Foggy,1,3,144,Low
2023-01-19 02:00:00,Industrial Zone,Foggy,2,3,85,Low
2023-01-19 03:00:00,Industrial Zone,Rainy,3,3,162,Low
2023-01-19 04:00:00,Industrial Zone,Rainy,4,3,66,Low
2023-01-19 05:00:00,Industrial Zone,Clear,5,3,113,Low
2023-01-19 06:00:00,Highway,Foggy,6,3,358,Medium
2023-01-19 07:00:00,Highway,Cloudy,7,3,507,Medium
2023-01-19 08:00:00,Downtown,Clear,8,3,640,High
2023-01-19 09:00:00,Industrial Zone,Rainy,9,3,515,High
2023-01-19 10:00:00,Downtown,Foggy,10,3,731,High
2023-01-19 11:00:00,Industrial Zone,Cloudy,11,3,120,Low
2023-01-19 12:00:00,Industrial Zone,Cloudy,12,3,90,Low
2023-01-19 13:00:00,Highway,Clear,13,3,393,Medium
2023-01-19 14:00:00,Highway,Foggy,14,3,402,Medium
2023-01-19 15:00:00,Suburbs,Foggy,15,3,92,Low
2023-01-19 16:00:00,Highway,Rainy,16,3,448,Medium
2023-01-19 17:00:00,Suburbs,Foggy,17,3,610,High
2023-01-19 18:00:00,Suburbs,Foggy,18,3,472,High
2023-01-19 19:00:00,Suburbs,Clear,19,3,431,Medium
2023-01-19 20:00:00,Suburbs,Foggy,20,3,95,Low
2023-01-19 21:00:00,Suburbs,Cloudy,21,3,228,Low
2023-01-19 22:00:00,Downtown,Clear,22,3,259,Low
2023-01-19 23:00:00,Highway,Clear,23,3,481,Medium
2023-01-20 00:00:00,Suburbs,Rainy,0,4,183,Low
2023-01-20 01:00:00,Industrial Zone,Foggy,1,4,72,Low
2023-01-20 02:00:00,Highway,Rainy,2,4,428,Medium
2023-01-20 03:00:00,Highway,Cloudy,3,4,481,Medium
2023-01-20 04:00:00,Suburbs,Clear,4,4,81,Low
2023-01-20 05:00:00,Downtown,Clear,5,4,289,Low
2023-01-20 06:00:00,Suburbs,Clear,6,4,70,Low
2023-01-20 07:00:00,Downtown,Cloudy,7,4,249,Low
2023-01-20 08:00:00,Industrial Zone,Cloudy,8,4,467,Medium
2023-01-20 09:00:00,Highway,Rainy,9,4,738,High
2023-01-20 10:00:00,Industrial Zone,Rainy,10,4,501,High
2023-01-20 11:00:00,Downtown,Rainy,11,4,261,Medium
2023-01-20 12:00:00,Downtown,Foggy,12,4,311,Medium
2023-01-20 13:00:00,Industrial Zone,Clear,13,4,22,Low
2023-01-20 14:00:00,Downtown,Clear,14,4,316,Medium
2023-01-20 15:00:00,Industrial Zone,Rainy,15,4,141,Low
2023-01-20 16:00:00,Highway,Clear,16,4,300,Medium
2023-01-20 17:00:00,Industrial Zone,Rainy,17,4,518,High
2023-01-20 18:00:00,Highway,Foggy,18,4,861,High
2023-01-20 19:00:00,Industrial Zone,Foggy,19,4,439,Medium
2023-01-20 20:00:00,Downtown,Cloudy,20,4,383,Medium
2023-01-20 21:00:00,Industrial Zone,Foggy,21,4,120,Low
2023-01-20 22:00:00,Downtown,Rainy,22,4,264,Medium
2023-01-20 23:00:00,Industrial Zone,Foggy,23,4,97,Low
2023-01-21 00:00:00,Industrial Zone,Cloudy,0,5,127,Low
2023-01-21 01:00:00,Suburbs,Clear,1,5,103,Low
2023-01-21 02:00:00,Downtown,Rainy,2,5,326,Medium
2023-01-21 03:00:00,Suburbs,Clear,3,5,53,Low
2023-01-21 04:00:00,Downtown,Cloudy,4,5,308,Medium
2023-01-21 05:00:00,Suburbs,Cloudy,5,5,29,Low
2023-01-21 06:00:00,Highway,Cloudy,6,5,394,Medium
2023-01-21 07:00:00,Industrial Zone,Clear,7,5,54,Low
2023-01-21 08:00:00,Downtown,Clear,8,5,663,High
2023-01-21 09:00:00,Downtown,Clear,9,5,761,High
2023-01-21 10:00:00,Industrial Zone,Clear,10,5,554,Medium
2023-01-21 11:00:00,Downtown,Cloudy,11,5,330,Medium
2023-01-21 12:00:00,Downtown,Cloudy,12,5,245,Low
2023-01-21 13:00:00,Suburbs,Rainy,13,5,84,Low
2023-01-21 14:00:00,Downtown,Rainy,14,5,360,Medium
2023-01-21 15:00:00,Highway,Clear,15,5,407,Medium
2023-01-21 16:00:00,Highway,Foggy,16,5,515,High
2023-01-21 17:00:00,Industrial Zone,Foggy,17,5,519,High
2023-01-21 18:00:00,Downtown,Cloudy,18,5,709,High
2023-01-21 19:00:00,Industrial Zone,Cloudy,19,5,484,Medium
2023-01-21 20:00:00,Highway,Cloudy,20,5,406,Medium
2023-01-21 21:00:00,Downtown,Rainy,21,5,292,Medium
2023-01-21 22:00:00,Downtown,Rainy,22,5,335,Medium
2023-01-21 23:00:00,Industrial Zone,Cloudy,23,5,147,Low
2023-01-22 00:00:00,Highway,Cloudy,0,6,360,Medium
2023-01-22 01:00:00,Downtown,Cloudy,1,6,233,Low
2023-01-22 02:00:00,Industrial Zone,Foggy,2,6,8,Low
2023-01-22 03:00:00,Highway,Rainy,3,6,425,Medium
2023-01-22 04:00:00,Industrial Zone,Foggy,4,6,44,Low
2023-01-22 05:00:00,Suburbs,Foggy,5,6,-7,Low
2023-01-22 06:00:00,Downtown,Cloudy,6,6,319,Medium
2023-01-22 07:00:00,Suburbs,Cloudy,7,6,224,Low
2023-01-22 08:00:00,Highway,Clear,8,6,799,High
2023-01-22 09:00:00,Suburbs,Clear,9,6,541,Medium
2023-01-22 10:00:00,Suburbs,Foggy,10,6,504,High
2023-01-22 11:00:00,Highway,Rainy,11,6,395,Medium
2023-01-22 12:00:00,Industrial Zone,Cloudy,12,6,145,Low
2023-01-22 13:00:00,Suburbs,Cloudy,13,6,85,Low
2023-01-22 14:00:00,Industrial Zone,Foggy,14,6,113,Low
2023-01-22 15:00:00,Suburbs,Clear,15,6,116,Low
2023-01-22 16:00:00,Industrial Zone,Rainy,16,6,66,Low
2023-01-22 17:00:00,Highway,Clear,17,6,849,High
2023-01-22 18:00:00,Suburbs,Clear,18,6,491,Medium
2023-01-22 19:00:00,Highway,Clear,19,6,762,High
2023-01-22 20:00:00,Suburbs,Clear,20,6,126,Low
2023-01-22 21:00:00,Highway,Cloudy,21,6,355,Medium
2023-01-22 22:00:00,Highway,Cloudy,22,6,401,Medium
2023-01-22 23:00:00,Suburbs,Clear,23,6,99,Low
2023-01-23 00:00:00,Suburbs,Rainy,0,0,154,Low
2023-01-23 01:00:00,Suburbs,Foggy,1,0,123,Low
2023-01-23 02:00:00,Downtown,Rainy,2,0,298,Medium
2023-01-23 03:00:00,Industrial Zone,Rainy,3,0,140,Low
2023-01-23 04:00:00,Downtown,Rainy,4,0,369,Medium
2023-01-23 05:00:00,Downtown,Clear,5,0,327,Medium
2023-01-23 06:00:00,Highway,Cloudy,6,0,400,Medium
2023-01-23 07:00:00,Suburbs,Rainy,7,0,34,Low
2023-01-23 08:00:00,Industrial Zone,Clear,8,0,446,Medium
2023-01-23 09:00:00,Highway,Rainy,9,0,784,High
2023-01-23 10:00:00,Downtown,Rainy,10,0,669,High
2023-01-23 11:00:00,Suburbs,Clear,11,0,90,Low
2023-01-23 12:00:00,Highway,Cloudy,12,0,402,Medium
2023-01-23 13:00:00,Suburbs,Cloudy,13,0,126,Low
2023-01-23 14:00:00,Highway,Foggy,14,0,396,Medium
2023-01-23 15:00:00,Suburbs,Clear,15,0,124,Low
2023-01-23 16:00:00,Downtown,Foggy,16,0,303,Medium
2023-01-23 17:00:00,Industrial Zone,Foggy,17,0,401,Medium
2023-01-23 18:00:00,Downtown,Foggy,18,0,653,High
2023-01-23 19:00:00,Industrial Zone,Cloudy,19,0,492,Medium
2023-01-23 20:00:00,Suburbs,Clear,20,0,39,Low
2023-01-23 21:00:00,Highway,Foggy,21,0,429,Medium
2023-01-23 22:00:00,Downtown,Clear,22,0,376,Medium
2023-01-23 23:00:00,Industrial Zone,Clear,23,0,160,Low
2023-01-24 00:00:00,Downtown,Cloudy,0,1,289,Low
2023-01-24 01:00:00,Industrial Zone,Foggy,1,1,174,Low
2023-01-24 02:00:00,Downtown,Foggy,2,1,307,Medium
2023-01-24 03:00:00,Industrial Zone,Clear,3,1,83,Low
2023-01-24 04:00:00,Industrial Zone,Rainy,4,1,69,Low
2023-01-24 05:00:00,Suburbs,Cloudy,5,1,84,Low
2023-01-24 06:00:00,Industrial Zone,Cloudy,6,1,80,Low
2023-01-24 07:00:00,Suburbs,Cloudy,7,1,108,Low
2023-01-24 08:00:00,Industrial Zone,Cloudy,8,1,508,Medium
2023-01-24 09:00:00,Highway,Foggy,9,1,800,High
2023-01-24 10:00:00,Highway,Foggy,10,1,821,High
2023-01-24 11:00:00,Highway,Rainy,11,1,459,Medium
2023-01-24 12:00:00,Industrial Zone,Cloudy,12,1,147,Low
2023-01-24 13:00:00,Suburbs,Cloudy,13,1,25,Low
2023-01-24 14:00:00,Suburbs,Clear,14,1,-27,Low
2023-01-24 15:00:00,Industrial Zone,Foggy,15,1,146,Low
2023-01-24 16:00:00,Highway,Cloudy,16,1,331,Medium
2023-01-24 17:00:00,Highway,Rainy,17,1,788,High
2023-01-24 18:00:00,Suburbs,Rainy,18,1,441,Medium
2023-01-24 19:00:00,Highway,Foggy,19,1,709,High
2023-01-24 20:00:00,Downtown,Rainy,20,1,327,Medium
2023-01-24 21:00:00,Suburbs,Rainy,21,1,137,Low
2023-01-24 22:00:00,Highway,Foggy,22,1,371,Medium
2023-01-24 23:00:00,Suburbs,Cloudy,23,1,-29,Low
2023-01-25 00:00:00,Downtown,Cloudy,0,2,272,Low
2023-01-25 01:00:00,Suburbs,Rainy,1,2,119,Low
2023-01-25 02:00:00,Suburbs,Rainy,2,2,26,Low
2023-01-25 03:00:00,Suburbs,Cloudy,3,2,109,Low
2023-01-25 04:00:00,Suburbs,Foggy,4,2,99,Low
2023-01-25 05:00:00,Downtown,Rainy,5,2,328,Medium
2023-01-25 06:00:00,Industrial Zone,Clear,6,2,105,Low
2023-01-25 07:00:00,Suburbs,Foggy,7,2,51,Low
2023-01-25 08:00:00,Suburbs,Rainy,8,2,559,High
2023-01-25 09:00:00,Highway,Rainy,9,2,792,High
2023-01-25 10:00:00,Suburbs,Clear,10,2,498,Medium
2023-01-25 11:00:00,Highway,Clear,11,2,353,Medium
2023-01-25 12:00:00,Industrial Zone,Cloudy,12,2,77,Low
2023-01-25 13:00:00,Downtown,Foggy,13,2,255,Medium
2023-01-25 14:00:00,Downtown,Foggy,14,2,291,Medium
2023-01-25 15:00:00,Industrial Zone,Cloudy,15,2,185,Low
2023-01-25 16:00:00,Downtown,Foggy,16,2,231,Medium
2023-01-25 17:00:00,Industrial Zone,Foggy,17,2,419,Medium
2023-01-25 18:00:00,Industrial Zone,Foggy,18,2,573,High
2023-01-25 19:00:00,Industrial Zone,Foggy,19,2,489,High
2023-01-25 20:00:00,Downtown,Foggy,20,2,266,Medium
2023-01-25 21:00:00,Highway,Clear,21,2,451,Medium
2023-01-25 22:00:00,Industrial Zone,Foggy,22,2,69,Low
2023-01-25 23:00:00,Suburbs,Clear,23,2,191,Low
2023-01-26 00:00:00,Downtown,Foggy,0,3,333,Medium
2023-01-26 01:00:00,Industrial Zone,Cloudy,1,3,75,Low
2023-01-26 02:00:00,Industrial Zone,Rainy,2,3,207,Low
2023-01-26 03:00:00,Suburbs,Clear,3,3,69,Low
2023-01-26 04:00:00,Highway,Foggy,4,3,437,Medium
2023-01-26 05:00:00,Highway,Cloudy,5,3,414,Medium
2023-01-26 06:00:00,Highway,Rainy,6,3,465,High
2023-01-26 07:00:00,Industrial Zone,Clear,7,3,178,Low
2023-01-26 08:00:00,Industrial Zone,Rainy,8,3,501,High
2023-01-26 09:00:00,Industrial Zone,Cloudy,9,3,462,Medium
2023-01-26 10:00:00,Downtown,Clear,10,3,722,High
2023-01-26 11:00:00,Suburbs,Rainy,11,3,66,Low
2023-01-26 12:00:00,Industrial Zone,Foggy,12,3,200,Low
2023-01-26 13:00:00,Suburbs,Clear,13,3,106,Low
2023-01-26 14:00:00,Suburbs,Rainy,14,3,81,Low
2023-01-26 15:00:00,Highway,Cloudy,15,3,409,Medium
2023-01-26 16:00:00,Downtown,Cloudy,16,3,232,Low
2023-01-26 17:00:00,Industrial Zone,Clear,17,3,451,Medium
2023-01-26 18:00:00,Highway,Rainy,18,3,860,High
2023-01-26 19:00:00,Highway,Clear,19,3,767,High
2023-01-26 20:00:00,Industrial Zone,Clear,20,3,47,Low
2023-01-26 21:00:00,Suburbs,Rainy,21,3,126,Low
2023-01-26 22:00:00,Highway,Rainy,22,3,459,Medium
2023-01-26 23:00:00,Suburbs,Foggy,23,3,135,Low
2023-01-27 00:00:00,Downtown,Rainy,0,4,349,Medium
2023-01-27 01:00:00,Suburbs,Cloudy,1,4,62,Low
2023-01-27 02:00:00,Downtown,Clear,2,4,228,Low
2023-01-27 03:00:00,Suburbs,Clear,3,4,175,Low
2023-01-27 04:00:00,Highway,Cloudy,4,4,383,Medium
2023-01-27 05:00:00,Highway,Rainy,5,4,387,Medium
2023-01-27 06:00:00,Downtown,Cloudy,6,4,366,Medium
2023-01-27 07:00:00,Industrial Zone,Cloudy,7,4,127,Low
2023-01-27 08:00:00,Downtown,Foggy,8,4,722,High
2023-01-27 09:00:00,Downtown,Cloudy,9,4,808,High
2023-01-27 10:00:00,Suburbs,Clear,10,4,467,Medium
2023-01-27 11:00:00,Suburbs,Cloudy,11,4,146,Low
2023-01-27 12:00:00,Downtown,Clear,12,4,302,Medium
2023-01-27 13:00:00,Highway,Clear,13,4,413,Medium
2023-01-27 14:00:00,Suburbs,Clear,14,4,176,Low
2023-01-27 15:00:00,Industrial Zone,Rainy,15,4,125,Low
2023-01-27 16:00:00,Suburbs,Foggy,16,4,126,Low
2023-01-27 17:00:00,Suburbs,Clear,17,4,553,Medium
2023-01-27 18:00:00,Industrial Zone,Clear,18,4,481,Medium
2023-01-27 19:00:00,Downtown,Rainy,19,4,658,High
2023-01-27 20:00:00,Industrial Zone,Clear,20,4,47,Low
2023-01-27 21:00:00,Downtown,Cloudy,21,4,201,Low
2023-01-27 22:00:00,Downtown,Cloudy,22,4,402,Medium
2023-01-27 23:00:00,Downtown,Foggy,23,4,244,Medium
2023-01-28 00:00:00,Industrial Zone,Clear,0,5,88,Low
2023-01-28 01:00:00,Downtown,Rainy,1,5,286,Medium
2023-01-28 02:00:00,Highway,Cloudy,2,5,415,Medium
2023-01-28 03:00:00,Industrial Zone,Rainy,3,5,140,Low
2023-01-28 04:00:00,Highway,Rainy,4,5,443,Medium
2023-01-28 05:00:00,Downtown,Cloudy,5,5,270,Low
2023-01-28 06:00:00,Suburbs,Rainy,6,5,91,Low
2023-01-28 07:00:00,Downtown,Cloudy,7,5,314,Medium
2023-01-28 08:00:00,Highway,Rainy,8,5,787,High
2023-01-28 09:00:00,Highway,Cloudy,9,5,880,High
2023-01-28 10:00:00,Industrial Zone,Clear,10,5,524,Medium
2023-01-28 11:00:00,Suburbs,Foggy,11,5,136,Low
2023-01-28 12:00:00,Industrial Zone,Cloudy,12,5,133,Low
2023-01-28 13:00:00,Highway,Cloudy,13,5,458,Medium
2023-01-28 14:00:00,Downtown,Foggy,14,5,309,Medium
2023-01-28 15:00:00,Suburbs,Cloudy,15,5,35,Low
2023-01-28 16:00:00,Downtown,Cloudy,16,5,319,Medium
2023-01-28 17:00:00,Downtown,Rainy,17,5,667,High
2023-01-28 18:00:00,Suburbs,Foggy,18,5,473,High
2023-01-28 19:00:00,Industrial Zone,Clear,19,5,529,Medium
2023-01-28 20:00:00,Downtown,Cloudy,20,5,361,Medium
2023-01-28 21:00:00,Highway,Foggy,21,5,401,Medium
2023-01-28 22:00:00,Downtown,Rainy,22,5,315,Medium
2023-01-28 23:00:00,Suburbs,Clear,23,5,185,Low
2023-01-29 00:00:00,Suburbs,Foggy,0,6,112,Low
2023-01-29 01:00:00,Suburbs,Clear,1,6,230,Low
2023-01-29 02:00:00,Industrial Zone,Clear,2,6,128,Low
2023-01-29 03:00:00,Downtown,Clear,3,6,211,Low
2023-01-29 04:00:00,Industrial Zone,Cloudy,4,6,137,Low
2023-01-29 05:00:00,Industrial Zone,Cloudy,5,6,119,Low
2023-01-29 06:00:00,Suburbs,Rainy,6,6,164,Low
2023-01-29 07:00:00,Suburbs,Rainy,7,6,133,Low
2023-01-29 08:00:00,Industrial Zone,Foggy,8,6,493,High
2023-01-29 09:00:00,Downtown,Rainy,9,6,638,High
2023-01-29 10:00:00,Highway,Clear,10,6,789,High
2023-01-29 11:00:00,Industrial Zone,Clear,11,6,57,Low
2023-01-29 12:00:00,Downtown,Cloudy,12,6,270,Low
2023-01-29 13:00:00,Suburbs,Clear,13,6,129,Low
2023-01-29 14:00:00,Suburbs,Foggy,14,6,183,Low
2023-01-29 15:00:00,Downtown,Clear,15,6,319,Medium
2023-01-29 16:00:00,Highway,Clear,16,6,340,Medium
2023-01-29 17:00:00,Suburbs,Foggy,17,6,522,High
2023-01-29 18:00:00,Suburbs,Rainy,18,6,559,High
2023-01-29 19:00:00,Suburbs,Rainy,19,6,469,High
2023-01-29 20:00:00,Downtown,Foggy,20,6,293,Medium
2023-01-29 21:00:00,Industrial Zone,Cloudy,21,6,100,Low
2023-01-29 22:00:00,Suburbs,Clear,22,6,60,Low
2023-01-29 23:00:00,Industrial Zone,Foggy,23,6,132,Low
2023-01-30 00:00:00,Highway,Clear,0,0,393,Medium
2023-01-30 01:00:00,Suburbs,Cloudy,1,0,120,Low
2023-01-30 02:00:00,Suburbs,Clear,2,0,55,Low
2023-01-30 03:00:00,Highway,Foggy,3,0,378,Medium
2023-01-30 04:00:00,Suburbs,Clear,4,0,136,Low
2023-01-30 05:00:00,Industrial Zone,Rainy,5,0,81,Low
2023-01-30 06:00:00,Downtown,Cloudy,6,0,386,Medium
2023-01-30 07:00:00,Industrial Zone,Cloudy,7,0,80,Low
2023-01-30 08:00:00,Downtown,Cloudy,8,0,711,High
2023-01-30 09:00:00,Downtown,Foggy,9,0,746,High
2023-01-30 10:00:00,Industrial Zone,Cloudy,10,0,429,Medium
2023-01-30 11:00:00,Industrial Zone,Rainy,11,0,11,Low
2023-01-30 12:00:00,Industrial Zone,Foggy,12,0,23,Low
2023-01-30 13:00:00,Industrial Zone,Rainy,13,0,163,Low
2023-01-30 14:00:00,Highway,Clear,14,0,372,Medium
2023-01-30 15:00:00,Suburbs,Clear,15,0,227,Low
2023-01-30 16:00:00,Downtown,Clear,16,0,271,Low
2023-01-30 17:00:00,Industrial Zone,Clear,17,0,509,Medium
2023-01-30 18:00:00,Industrial Zone,Rainy,18,0,577,High
2023-01-30 19:00:00,Industrial Zone,Foggy,19,0,600,High
2023-01-30 20:00:00,Highway,Foggy,20,0,503,High
2023-01-30 21:00:00,Industrial Zone,Cloudy,21,0,160,Low
2023-01-30 22:00:00,Industrial Zone,Rainy,22,0,151,Low
2023-01-30 23:00:00,Industrial Zone,Clear,23,0,129,Low
2023-01-31 00:00:00,Suburbs,Rainy,0,1,138,Low
2023-01-31 01:00:00,Highway,Cloudy,1,1,372,Medium
2023-01-31 02:00:00,Industrial Zone,Cloudy,2,1,59,Low
2023-01-31 03:00:00,Downtown,Rainy,3,1,299,Medium
2023-01-31 04:00:00,Downtown,Rainy,4,1,291,Medium
2023-01-31 05:00:00,Downtown,Rainy,5,1,277,Medium
2023-01-31 06:00:00,Highway,Foggy,6,1,434,Medium
2023-01-31 07:00:00,Highway,Clear,7,1,447,Medium
2023-01-31 08:00:00,Downtown,Rainy,8,1,704,High
2023-01-31 09:00:00,Industrial Zone,Rainy,9,1,573,High
2023-01-31 10:00:00,Highway,Rainy,10,1,742,High
2023-01-31 11:00:00,Downtown,Cloudy,11,1,290,Low
2023-01-31 12:00:00,Downtown,Cloudy,12,1,264,Low
2023-01-31 13:00:00,Industrial Zone,Foggy,13,1,6,Low
2023-01-31 14:00:00,Suburbs,Clear,14,1,95,Low
2023-01-31 15:00:00,Highway,Foggy,15,1,393,Medium
2023-01-31 16:00:00,Industrial Zone,Clear,16,1,175,Low
2023-01-31 17:00:00,Downtown,Cloudy,17,1,731,High
2023-01-31 18:00:00,Downtown,Cloudy,18,1,648,High
2023-01-31 19:00:00,Industrial Zone,Cloudy,19,1,592,Medium
2023-01-31 20:00:00,Highway,Foggy,20,1,461,Medium
2023-01-31 21:00:00,Suburbs,Rainy,21,1,129,Low
2023-01-31 22:00:00,Suburbs,Rainy,22,1,88,Low
2023-01-31 23:00:00,Downtown,Cloudy,23,1,252,Low
2023-02-01 00:00:00,Highway,Rainy,0,2,381,Medium
2023-02-01 01:00:00,Suburbs,Rainy,1,2,154,Low
2023-02-01 02:00:00,Highway,Foggy,2,2,494,High
2023-02-01 03:00:00,Highway,Clear,3,2,477,Medium
2023-02-01 04:00:00,Downtown,Cloudy,4,2,275,Low
2023-02-01 05:00:00,Suburbs,Cloudy,5,2,44,Low
2023-02-01 06:00:00,Industrial Zone,Foggy,6,2,107,Low
2023-02-01 07:00:00,Downtown,Foggy,7,2,211,Low
2023-02-01 08:00:00,Suburbs,Rainy,8,2,516,High
2023-02-01 09:00:00,Suburbs,Cloudy,9,2,492,Medium
2023-02-01 10:00:00,Suburbs,Clear,10,2,476,Medium
2023-02-01 11:00:00,Suburbs,Foggy,11,2,20,Low
2023-02-01 12:00:00,Suburbs,Clear,12,2,125,Low
2023-02-01 13:00:00,Highway,Clear,13,2,373,Medium
2023-02-01 14:00:00,Downtown,Cloudy,14,2,241,Low
2023-02-01 15:00:00,Highway,Cloudy,15,2,256,Low
2023-02-01 16:00:00,Industrial Zone,Foggy,16,2,98,Low
2023-02-01 17:00:00,Suburbs,Cloudy,17,2,588,Medium
2023-02-01 18:00:00,Downtown,Cloudy,18,2,783,High
2023-02-01 19:00:00,Suburbs,Cloudy,19,2,477,Medium
2023-02-01 20:00:00,Downtown,Clear,20,2,269,Low
2023-02-01 21:00:00,Highway,Foggy,21,2,423,Medium
2023-02-01 22:00:00,Downtown,Rainy,22,2,250,Medium
2023-02-01 23:00:00,Industrial Zone,Clear,23,2,115,Low
2023-02-02 00:00:00,Industrial Zone,Cloudy,0,3,138,Low
2023-02-02 01:00:00,Downtown,Clear,1,3,361,Medium
2023-02-02 02:00:00,Downtown,Cloudy,2,3,294,Low
2023-02-02 03:00:00,Downtown,Cloudy,3,3,289,Low
2023-02-02 04:00:00,Downtown,Clear,4,3,256,Low
2023-02-02 05:00:00,Industrial Zone,Foggy,5,3,58,Low
2023-02-02 06:00:00,Suburbs,Cloudy,6,3,88,Low
2023-02-02 07:00:00,Downtown,Foggy,7,3,318,Medium
2023-02-02 08:00:00,Downtown,Rainy,8,3,745,High
2023-02-02 09:00:00,Industrial Zone,Cloudy,9,3,459,Medium
2023-02-02 10:00:00,Industrial Zone,Foggy,10,3,574,High
2023-02-02 11:00:00,Highway,Foggy,11,3,386,Medium
2023-02-02 12:00:00,Downtown,Rainy,12,3,298,Medium
2023-02-02 13:00:00,Highway,Foggy,13,3,362,Medium
2023-02-02 14:00:00,Industrial Zone,Foggy,14,3,-21,Low
2023-02-02 15:00:00,Industrial Zone,Rainy,15,3,144,Low
2023-02-02 16:00:00,Suburbs,Cloudy,16,3,136,Low
2023-02-02 17:00:00,Downtown,Foggy,17,3,685,High
2023-02-02 18:00:00,Highway,Foggy,18,3,803,High
2023-02-02 19:00:00,Industrial Zone,Foggy,19,3,525,High
2023-02-02 20:00:00,Industrial Zone,Clear,20,3,21,Low
2023-02-02 21:00:00,Highway,Rainy,21,3,373,Medium
2023-02-02 22:00:00,Suburbs,Clear,22,3,139,Low
2023-02-02 23:00:00,Industrial Zone,Rainy,23,3,37,Low
2023-02-03 00:00:00,Downtown,Cloudy,0,4,314,Medium
2023-02-03 01:00:00,Industrial Zone,Cloudy,1,4,32,Low
2023-02-03 02:00:00,Downtown,Foggy,2,4,323,Medium
2023-02-03 03:00:00,Highway,Rainy,3,4,398,Medium
2023-02-03 04:00:00,Downtown,Cloudy,4,4,219,Low
2023-02-03 05:00:00,Highway,Rainy,5,4,458,Medium
2023-02-03 06:00:00,Downtown,Cloudy,6,4,263,Low
2023-02-03 07:00:00,Highway,Clear,7,4,359,Medium
2023-02-03 08:00:00,Downtown,Cloudy,8,4,710,High
2023-02-03 09:00:00,Suburbs,Clear,9,4,557,Medium
2023-02-03 10:00:00,Downtown,Cloudy,10,4,649,High
2023-02-03 11:00:00,Downtown,Foggy,11,4,303,Medium
2023-02-03 12:00:00,Suburbs,Clear,12,4,121,Low
2023-02-03 13:00:00,Industrial Zone,Cloudy,13,4,134,Low
2023-02-03 14:00:00,Industrial Zone,Foggy,14,4,108,Low
2023-02-03 15:00:00,Downtown,Clear,15,4,281,Low
2023-02-03 16:00:00,Suburbs,Foggy,16,4,58,Low
2023-02-03 17:00:00,Downtown,Rainy,17,4,704,High
2023-02-03 18:00:00,Highway,Rainy,18,4,746,High
2023-02-03 19:00:00,Highway,Clear,19,4,653,High
2023-02-03 20:00:00,Downtown,Cloudy,20,4,321,Medium
2023-02-03 21:00:00,Industrial Zone,Clear,21,4,145,Low
2023-02-03 22:00:00,Industrial Zone,Foggy,22,4,-18,Low
2023-02-03 23:00:00,Downtown,Cloudy,23,4,249,Low
2023-02-04 00:00:00,Downtown,Rainy,0,5,330,Medium
2023-02-04 01:00:00,Highway,Cloudy,1,5,502,Medium
2023-02-04 02:00:00,Industrial Zone,Rainy,2,5,101,Low
2023-02-04 03:00:00,Downtown,Cloudy,3,5,263,Low
2023-02-04 04:00:00,Highway,Cloudy,4,5,390,Medium
2023-02-04 05:00:00,Industrial Zone,Cloudy,5,5,168,Low
2023-02-04 06:00:00,Suburbs,Foggy,6,5,67,Low
2023-02-04 07:00:00,Highway,Foggy,7,5,360,Medium
2023-02-04 08:00:00,Industrial Zone,Clear,8,5,475,Medium
2023-02-04 09:00:00,Industrial Zone,Clear,9,5,452,Medium
2023-02-04 10:00:00,Highway,Rainy,10,5,806,High
2023-02-04 11:00:00,Suburbs,Foggy,11,5,181,Low
2023-02-04 12:00:00,Highway,Rainy,12,5,416,Medium
2023-02-04 13:00:00,Industrial Zone,Clear,13,5,87,Low
2023-02-04 14:00:00,Downtown,Rainy,14,5,285,Medium
2023-02-04 15:00:00,Downtown,Clear,15,5,221,Low
2023-02-04 16:00:00,Highway,Foggy,16,5,444,Medium
2023-02-04 17:00:00,Industrial Zone,Cloudy,17,5,496,Medium
2023-02-04 18:00:00,Downtown,Foggy,18,5,690,High
2023-02-04 19:00:00,Industrial Zone,Rainy,19,5,659,High
2023-02-04 20:00:00,Highway,Rainy,20,5,414,Medium
2023-02-04 21:00:00,Downtown,Foggy,21,5,262,Medium
2023-02-04 22:00:00,Industrial Zone,Foggy,22,5,78,Low
2023-02-04 23:00:00,Downtown,Clear,23,5,357,Medium
2023-02-05 00:00:00,Highway,Rainy,0,6,405,Medium
2023-02-05 01:00:00,Industrial Zone,Rainy,1,6,28,Low
2023-02-05 02:00:00,Downtown,Foggy,2,6,345,Medium
2023-02-05 03:00:00,Highway,Cloudy,3,6,366,Medium
2023-02-05 04:00:00,Downtown,Rainy,4,6,393,Medium
2023-02-05 05:00:00,Downtown,Cloudy,5,6,354,Medium
2023-02-05 06:00:00,Suburbs,Foggy,6,6,77,Low
2023-02-05 07:00:00,Suburbs,Foggy,7,6,164,Low
2023-02-05 08:00:00,Highway,Clear,8,6,803,High
2023-02-05 09:00:00,Suburbs,Rainy,9,6,542,High
2023-02-05 10:00:00,Highway,Cloudy,10,6,824,High
2023-02-05 11:00:00,Suburbs,Clear,11,6,57,Low
2023-02-05 12:00:00,Downtown,Rainy,12,6,267,Medium
2023-02-05 13:00:00,Highway,Clear,13,6,451,Medium
2023-02-05 14:00:00,Highway,Foggy,14,6,383,Medium
2023-02-05 15:00:00,Downtown,Rainy,15,6,279,Medium
2023-02-05 16:00:00,Highway,Clear,16,6,352,Medium
2023-02-05 17:00:00,Highway,Clear,17,6,821,High
2023-02-05 18:00:00,Suburbs,Cloudy,18,6,603,High
2023-02-05 19:00:00,Highway,Clear,19,6,746,High
2023-02-05 20:00:00,Industrial Zone,Rainy,20,6,101,Low
2023-02-05 21:00:00,Downtown,Rainy,21,6,370,Medium
2023-02-05 22:00:00,Suburbs,Cloudy,22,6,96,Low
2023-02-05 23:00:00,Suburbs,Rainy,23,6,122,Low
2023-02-06 00:00:00,Industrial Zone,Foggy,0,0,46,Low
2023-02-06 01:00:00,Downtown,Rainy,1,0,321,Medium
2023-02-06 02:00:00,Downtown,Rainy,2,0,290,Medium
2023-02-06 03:00:00,Suburbs,Clear,3,0,149,Low
2023-02-06 04:00:00,Highway,Clear,4,0,459,Medium
2023-02-06 05:00:00,Suburbs,Rainy,5,0,229,Low
2023-02-06 06:00:00,Downtown,Cloudy,6,0,328,Medium
2023-02-06 07:00:00,Industrial Zone,Clear,7,0,116,Low
2023-02-06 08:00:00,Suburbs,Cloudy,8,0,509,Medium
2023-02-06 09:00:00,Downtown,Rainy,9,0,682,High
2023-02-06 10:00:00,Suburbs,Rainy,10,0,516,High
2023-02-06 11:00:00,Highway,Foggy,11,0,385,Medium
2023-02-06 12:00:00,Suburbs,Clear,12,0,108,Low
2023-02-06 13:00:00,Suburbs,Rainy,13,0,165,Low
2023-02-06 14:00:00,Downtown,Foggy,14,0,249,Medium
2023-02-06 15:00:00,Downtown,Clear,15,0,356,Medium
2023-02-06 16:00:00,Downtown,Rainy,16,0,365,Medium
2023-02-06 17:00:00,Suburbs,Rainy,17,0,494,High
2023-02-06 18:00:00,Highway,Clear,18,0,693,High
2023-02-06 19:00:00,Industrial Zone,Clear,19,0,469,Medium
2023-02-06 20:00:00,Industrial Zone,Clear,20,0,164,Low
2023-02-06 21:00:00,Downtown,Rainy,21,0,298,Medium
2023-02-06 22:00:00,Downtown,Rainy,22,0,250,Medium
2023-02-06 23:00:00,Suburbs,Foggy,23,0,74,Low
2023-02-07 00:00:00,Industrial Zone,Cloudy,0,1,142,Low
2023-02-07 01:00:00,Downtown,Clear,1,1,327,Medium
2023-02-07 02:00:00,Highway,Rainy,2,1,388,Medium
2023-02-07 03:00:00,Highway,Rainy,3,1,381,Medium
2023-02-07 04:00:00,Downtown,Clear,4,1,280,Low
2023-02-07 05:00:00,Downtown,Cloudy,5,1,253,Low
2023-02-07 06:00:00,Industrial Zone,Clear,6,1,180,Low
2023-02-07 07:00:00,Industrial Zone,Cloudy,7,1,83,Low
2023-02-07 08:00:00,Suburbs,Rainy,8,1,560,High
2023-02-07 09:00:00,Industrial Zone,Cloudy,9,1,576,Medium
2023-02-07 10:00:00,Highway,Foggy,10,1,849,High
2023-02-07 11:00:00,Highway,Rainy,11,1,378,Medium
2023-02-07 12:00:00,Downtown,Foggy,12,1,320,Medium
2023-02-07 13:00:00,Industrial Zone,Clear,13,1,98,Low
2023-02-07 14:00:00,Suburbs,Clear,14,1,54,Low
2023-02-07 15:00:00,Highway,Clear,15,1,416,Medium
2023-02-07 16:00:00,Highway,Cloudy,16,1,341,Medium
2023-02-07 17:00:00,Suburbs,Rainy,17,1,559,High
2023-02-07 18:00:00,Suburbs,Clear,18,1,476,Medium
2023-02-07 19:00:00,Highway,Clear,19,1,810,High
2023-02-07 20:00:00,Highway,Rainy,20,1,414,Medium
2023-02-07 21:00:00,Suburbs,Clear,21,1,87,Low
2023-02-07 22:00:00,Highway,Foggy,22,1,429,Medium
2023-02-07 23:00:00,Downtown,Rainy,23,1,276,Medium
2023-02-08 00:00:00,Downtown,Rainy,0,2,343,Medium
2023-02-08 01:00:00,Suburbs,Rainy,1,2,32,Low
2023-02-08 02:00:00,Industrial Zone,Foggy,2,2,106,Low
2023-02-08 03:00:00,Suburbs,Rainy,3,2,196,Low
2023-02-08 04:00:00,Suburbs,Foggy,4,2,49,Low
2023-02-08 05:00:00,Industrial Zone,Rainy,5,2,66,Low
2023-02-08 06:00:00,Industrial Zone,Cloudy,6,2,125,Low
2023-02-08 07:00:00,Industrial Zone,Clear,7,2,108,Low
2023-02-08 08:00:00,Downtown,Cloudy,8,2,717,High
2023-02-08 09:00:00,Highway,Clear,9,2,824,High
2023-02-08 10:00:00,Downtown,Foggy,10,2,731,High
2023-02-08 11:00:00,Highway,Cloudy,11,2,455,Medium
2023-02-08 12:00:00,Downtown,Rainy,12,2,320,Medium
2023-02-08 13:00:00,Highway,Clear,13,2,387,Medium
2023-02-08 14:00:00,Downtown,Clear,14,2,333,Medium
2023-02-08 15:00:00,Industrial Zone,Cloudy,15,2,194,Low
2023-02-08 16:00:00,Suburbs,Foggy,16,2,93,Low
2023-02-08 17:00:00,Downtown,Cloudy,17,2,651,High
2023-02-08 18:00:00,Highway,Foggy,18,2,855,High
2023-02-08 19:00:00,Industrial Zone,Foggy,19,2,493,High
2023-02-08 20:00:00,Downtown,Clear,20,2,191,Low
2023-02-08 21:00:00,Downtown,Cloudy,21,2,342,Medium
2023-02-08 22:00:00,Industrial Zone,Cloudy,22,2,73,Low
2023-02-08 23:00:00,Downtown,Foggy,23,2,295,Medium
2023-02-09 00:00:00,Suburbs,Cloudy,0,3,116,Low
2023-02-09 01:00:00,Downtown,Rainy,1,3,309,Medium
2023-02-09 02:00:00,Suburbs,Rainy,2,3,135,Low
2023-02-09 03:00:00,Suburbs,Cloudy,3,3,78,Low
2023-02-09 04:00:00,Industrial Zone,Cloudy,4,3,125,Low
2023-02-09 05:00:00,Downtown,Foggy,5,3,287,Medium
2023-02-09 06:00:00,Industrial Zone,Rainy,6,3,136,Low
2023-02-09 07:00:00,Downtown,Rainy,7,3,330,Medium
2023-02-09 08:00:00,Downtown,Clear,8,3,653,High
2023-02-09 09:00:00,Highway,Foggy,9,3,854,High
2023-02-09 10:00:00,Downtown,Clear,10,3,673,High
2023-02-09 11:00:00,Industrial Zone,Rainy,11,3,140,Low
2023-02-09 12:00:00,Suburbs,Foggy,12,3,118,Low
2023-02-09 13:00:00,Downtown,Cloudy,13,3,391,Medium
2023-02-09 14:00:00,Highway,Foggy,14,3,388,Medium
2023-02-09 15:00:00,Industrial Zone,Cloudy,15,3,82,Low
2023-02-09 16:00:00,Downtown,Cloudy,16,3,299,Low
2023-02-09 17:00:00,Industrial Zone,Foggy,17,3,484,High
2023-02-09 18:00:00,Highway,Cloudy,18,3,839,High
2023-02-09 19:00:00,Highway,Clear,19,3,719,High
2023-02-09 20:00:00,Industrial Zone,Rainy,20,3,47,Low
2023-02-09 21:00:00,Downtown,Cloudy,21,3,246,Low
2023-02-09 22:00:00,Suburbs,Clear,22,3,147,Low
2023-02-09 23:00:00,Highway,Cloudy,23,3,485,Medium
2023-02-10 00:00:00,Downtown,Rainy,0,4,294,Medium
2023-02-10 01:00:00,Downtown,Clear,1,4,291,Low
2023-02-10 02:00:00,Suburbs,Rainy,2,4,103,Low
2023-02-10 03:00:00,Highway,Rainy,3,4,458,Medium
2023-02-10 04:00:00,Highway,Clear,4,4,353,Medium
2023-02-10 05:00:00,Downtown,Clear,5,4,311,Medium
2023-02-10 06:00:00,Downtown,Clear,6,4,348,Medium
2023-02-10 07:00:00,Suburbs,Foggy,7,4,125,Low
2023-02-10 08:00:00,Suburbs,Clear,8,4,509,Medium
2023-02-10 09:00:00,Highway,Clear,9,4,850,High
2023-02-10 10:00:00,Industrial Zone,Clear,10,4,364,Medium
2023-02-10 11:00:00,Highway,Clear,11,4,433,Medium
2023-02-10 12:00:00,Downtown,Cloudy,12,4,267,Low
2023-02-10 13:00:00,Highway,Foggy,13,4,308,Medium
2023-02-10 14:00:00,Industrial Zone,Rainy,14,4,125,Low
2023-02-10 15:00:00,Suburbs,Clear,15,4,168,Low
2023-02-10 16:00:00,Industrial Zone,Cloudy,16,4,93,Low
2023-02-10 17:00:00,Industrial Zone,Cloudy,17,4,547,Medium
2023-02-10 18:00:00,Industrial Zone,Cloudy,18,4,580,Medium
2023-02-10 19:00:00,Suburbs,Rainy,19,4,565,High
2023-02-10 20:00:00,Industrial Zone,Clear,20,4,181,Low
2023-02-10 21:00:00,Industrial Zone,Foggy,21,4,137,Low
2023-02-10 22:00:00,Industrial Zone,Foggy,22,4,103,Low
2023-02-10 23:00:00,Downtown,Cloudy,23,4,219,Low
2023-02-11 00:00:00,Industrial Zone,Rainy,0,5,87,Low
2023-02-11 01:00:00,Suburbs,Rainy,1,5,57,Low
2023-02-11 02:00:00,Industrial Zone,Rainy,2,5,208,Low
2023-02-11 03:00:00,Industrial Zone,Foggy,3,5,91,Low
2023-02-11 04:00:00,Suburbs,Cloudy,4,5,106,Low
2023-02-11 05:00:00,Industrial Zone,Clear,5,5,127,Low
2023-02-11 06:00:00,Suburbs,Foggy,6,5,102,Low
2023-02-11 07:00:00,Industrial Zone,Cloudy,7,5,184,Low
2023-02-11 08:00:00,Suburbs,Cloudy,8,5,468,Medium
2023-02-11 09:00:00,Industrial Zone,Clear,9,5,509,Medium
2023-02-11 10:00:00,Industrial Zone,Clear,10,5,462,Medium
2023-02-11 11:00:00,Downtown,Clear,11,5,233,Low
2023-02-11 12:00:00,Downtown,Rainy,12,5,269,Medium
2023-02-11 13:00:00,Industrial Zone,Clear,13,5,98,Low
2023-02-11 14:00:00,Industrial Zone,Cloudy,14,5,78,Low
2023-02-11 15:00:00,Highway,Clear,15,5,365,Medium
